{
  "number_of_players": {
    "precision": 1.0,
    "recall": 1.0,
    "f1-score": 1.0,
    "support": 3
  },
  "game": {
    "precision": 1.0,
    "recall": 1.0,
    "f1-score": 1.0,
    "support": 34
  },
  "riddle_category": {
    "precision": 0.9523809523809523,
    "recall": 1.0,
    "f1-score": 0.975609756097561,
    "support": 20
  },
  "person": {
    "precision": 1.0,
    "recall": 1.0,
    "f1-score": 1.0,
    "support": 21
  },
  "user_riddle_solution": {
    "precision": 1.0,
    "recall": 0.9583333333333334,
    "f1-score": 0.9787234042553191,
    "support": 24
  },
  "micro avg": {
    "precision": 0.9901960784313726,
    "recall": 0.9901960784313726,
    "f1-score": 0.9901960784313726,
    "support": 102
  },
  "macro avg": {
    "precision": 0.9904761904761905,
    "recall": 0.9916666666666666,
    "f1-score": 0.9908666320705761,
    "support": 102
  },
  "weighted avg": {
    "precision": 0.9906629318394025,
    "recall": 0.9901960784313726,
    "f1-score": 0.990211341412538,
    "support": 102
  }
}